{"best_args": [0.01, 0.3], "records": {"0.01": {"0.3": [0.45664257193223023, 3.4051064589084725], "0.5": [1.0596924378321722, -0.25072658281677807], "0.75": [2.2774183566753683, -3.573442740318103], "0.9": [3.2553349825052114, -5.124577179933206], "0.95": [3.623728342545338, -5.5907165087186375], "0.99": [3.936020007500282, -5.949287549043313]}, "0.03": {"0.3": [0.5331636667251587, 2.7318964493580356], "0.5": [1.1347297766269782, -0.547737466983306], "0.75": [2.3284581930209427, -3.669522633919349], "0.9": [3.281073111754197, -5.158393052908091], "0.95": [3.63350579677484, -5.601745532109187], "0.99": [3.9362541284316626, -5.949936120938032]}, "0.05": {"0.3": [0.6573302333171551, 1.8224201446924455], "0.5": [1.250086717116527, -0.9687137007713318], "0.75": [2.4056922044509497, -3.8109607024070544], "0.9": [3.312473865655752, -5.200375581398989], "0.95": [3.656297518656804, -5.62921158472697], "0.99": [3.9379740005884414, -5.951433279575446]}, "0.1": {"0.3": [1.2005234009180314, -0.7936128714145758], "0.5": [1.7007987621502998, -2.306376035396869], "0.75": [2.6678659121195474, -4.260482568007249], "0.9": [3.425750671288906, -5.3469073589031515], "0.95": [3.710564136505127, -5.692908959510999], "0.99": [3.949685567464584, -5.964136466001853]}, "0.2": {"0.3": [3.596404100075746, -5.558034884623992], "0.5": [3.396560717851688, -5.3102581439874115], "0.75": [3.5053313084137745, -5.44701659373748], "0.9": [3.7608582423283505, -5.752384222470797], "0.95": [3.8765394504253683, -5.883446962405474], "0.99": [3.9815678779895487, -5.999529520670573]}, "0.3": {"0.3": [7.904825455103165, -8.977280910198505], "0.5": [6.142397929460574, -7.882905055315066], "0.75": [4.673520992963742, -6.6963973289881], "0.9": [4.176737491901104, -6.2074271348806525], "0.95": [4.078708899326814, -6.104385620508438], "0.99": [4.023033478321174, -6.044080526400835]}}}