{"dataset": "data-5.0", "best_args": [0.05, 0], "records": {"0.001": {"0": [9.419249296188354, -9.740162014961243], "0.1": [9.669232547283173, -9.853919327259064], "0.3": [10.207921862602234, -10.089372873306274], "0.5": [10.798239827156067, -10.33352941274643], "0.75": [11.60874056816101, -10.647850573062897], "0.9": [12.133762300014496, -10.839954316616058], "0.99": [12.462715864181519, -10.9561265707016]}, "0.01": {"0": [9.036832869052887, -9.56016093492508], "0.1": [9.304467856884003, -9.686914324760437], "0.3": [9.892187774181366, -9.952922940254211], "0.5": [10.54983788728714, -10.232457458972931], "0.75": [11.470241248607635, -10.595725059509277], "0.9": [12.074930667877197, -10.818846046924591], "0.99": [12.456626772880554, -10.954004168510437]}, "0.05": {"0": [8.761971652507782, -9.426015675067902], "0.1": [9.018283665180206, -9.551236808300018], "0.3": [9.60923057794571, -9.826884925365448], "0.5": [10.304604589939117, -10.130312502384186], "0.75": [11.320674002170563, -10.538722276687622], "0.9": [12.008635640144348, -10.794936299324036], "0.99": [12.449609339237213, -10.95155680179596]}, "0.1": {"0": [9.451527297496796, -9.755018174648285], "0.1": [9.628739297389984, -9.835692942142487], "0.3": [10.068248629570007, -10.029538691043854], "0.5": [10.621203064918518, -10.261736571788788], "0.75": [11.471928298473358, -10.596363604068756], "0.9": [12.06744647026062, -10.816153109073639], "0.99": [12.455388903617859, -10.953572273254395]}, "0.3": {"0": [12.507748663425446, -10.971790790557861], "0.1": [12.281665086746216, -10.892572224140167], "0.3": [11.979698836803436, -10.784458458423615], "0.5": [11.877998232841492, -10.74743241071701], "0.75": [12.032496750354767, -10.803556978702545], "0.9": [12.275395095348358, -10.89035451412201], "0.99": [12.475206911563873, -10.960477113723755]}, "0.5": {"0": [14.03659063577652, -11.472614705562592], "0.1": [13.54594999551773, -11.318093359470367], "0.3": [12.78931850194931, -11.068473815917969], "0.5": [12.332217335700989, -10.910411357879639], "0.75": [12.182056188583374, -10.85720556974411], "0.9": [12.316606640815735, -10.904910385608673], "0.99": [12.478211224079132, -10.961522698402405]}, "1": {"0": [14.996129274368286, -11.759790003299713], "0.1": [14.23849207162857, -11.53463876247406], "0.3": [13.06189650297165, -11.160062193870544], "0.5": [12.33686888217926, -10.912049055099487], "0.75": [12.06560230255127, -10.815489649772644], "0.9": [12.241518139839172, -10.878352046012878], "0.99": [12.468992173671722, -10.95831298828125]}, "2": {"0": [13.664981305599213, -11.356072425842285], "0.1": [13.018628597259521, -11.145638227462769], "0.3": [12.07915484905243, -10.82035779953003], "0.5": [11.61065411567688, -10.64856344461441], "0.75": [11.687334656715393, -10.677154004573822], "0.9": [12.086572647094727, -10.82303100824356], "0.99": [12.453279376029968, -10.9528369307518]}, "5": {"0": [10.719321370124817, -10.301637470722198], "0.1": [10.657164216041565, -10.276396870613098], "0.3": [10.692995250225067, -10.290989816188812], "0.5": [10.942350447177887, -10.391105592250824], "0.75": [11.554314196109772, -10.627440810203552], "0.9": [12.081636190414429, -10.8212571144104], "0.99": [12.45568186044693, -10.953674495220184]}, "10": {"0": [9.778314530849457, -9.90263444185257], "0.1": [9.949667692184448, -9.978082716464996], "0.3": [10.359579682350159, -10.153420686721802], "0.5": [10.859096467494965, -10.357936322689056], "0.75": [11.60949969291687, -10.648134529590607], "0.9": [12.1269451379776, -10.837513327598572], "0.99": [12.461606979370117, -10.955739855766296]}}}