{"best_args": [0.01, 0.99], "records": {"0.01": {"0.3": [2.472325710149912, -3.9284216868571744], "0.5": [1.2589545677869747, -0.9947507205681924], "0.75": [0.3161331430459634, 5.005807436429537], "0.9": [0.05104770683325254, 12.924102514218061], "0.95": [0.01309303542933403, 18.83258932064741], "0.99": [0.0009232276665548292, 30.348206935784756]}, "0.03": {"0.3": [7.209223857292762, -8.57819684346517], "0.5": [3.680285025865604, -5.658036855550913], "0.75": [0.9206272287246509, 0.3603283648307507], "0.9": [0.14798066020011902, 8.298647587115948], "0.95": [0.03739445675642063, 14.272590637207031], "0.99": [0.0019142821413249923, 27.180339666513298]}, "0.05": {"0.3": [9.72765920101068, -9.879233555916029], "0.5": [4.9620543504372625, -6.955859428797012], "0.75": [1.2425962472573304, -0.94246855760232], "0.9": [0.19934684420243287, 7.004425158867469], "0.95": [0.050285629546030976, 12.986299196879068], "0.99": [0.002437222366913771, 26.13154342846993]}, "0.1": {"0.3": [12.61193358592498, -11.006800627097105], "0.5": [6.440400380354661, -8.08803785764254], "0.75": [1.6097747759941297, -2.0667562515307694], "0.9": [0.25831620204143035, 5.879085907569299], "0.95": [0.06502416290533848, 11.870147558359], "0.99": [0.003037231472822336, 25.17568505115998]}, "0.2": {"0.3": [14.603809845753204, -11.643860058906752], "0.5": [7.444212179917556, -8.71743830656394], "0.75": [1.8635535209606855, -2.7022572541848207], "0.9": [0.299086835139837, 5.24270843848204], "0.95": [0.0752022487994952, 11.238825480143229], "0.99": [0.003448469397158195, 24.624508197490986]}, "0.3": {"0.3": [15.374709618397247, -11.867078389876928], "0.5": [7.8433583210676145, -8.943893554883125], "0.75": [1.9628844750233185, -2.927404501499274], "0.9": [0.3144631141271347, 5.025523515848013], "0.95": [0.0791614002142197, 11.016115653209198], "0.99": [0.0036081136622203467, 24.42799739348583]}}}