{"best_args": [0.01, 0], "records": {"0.01": {"0": [0.1695287544757892, 7.70921139839368], "0.1": [0.18273217861468977, 7.383275863451836], "0.3": [0.4570815524993799, 3.401388632945525], "0.5": [1.0603327231529431, -0.2534104014436404], "0.75": [2.2811414767534304, -3.580142944287031], "0.9": [3.2499136130015054, -5.1169167298537035], "0.95": [3.6219850136683536, -5.588041219955835], "0.99": [3.9311142640236096, -5.944100844554412]}, "0.03": {"0": [0.21796377308857748, 6.616652904412685], "0.1": [0.2449581443499296, 6.109391933832413], "0.3": [0.5340172098233149, 2.725026766459147], "0.5": [1.1349303814081044, -0.5482757786909739], "0.75": [2.3284499706366124, -3.669237155180711], "0.9": [3.2779332063136954, -5.154667353018736], "0.95": [3.636535277733436, -5.605779183216584], "0.99": [3.9335088546459493, -5.946432235913399]}, "0.05": {"0": [0.31553090688509816, 5.009622793931228], "0.1": [0.3566173620713063, 4.4780557950337725], "0.3": [0.6568638529532995, 1.8254551306749], "0.5": [1.2494055093863072, -0.9664425987463731], "0.75": [2.403780594850198, -3.8076405341808615], "0.9": [3.312236467997233, -5.199781234447773], "0.95": [3.6533776185451408, -5.625997359936054], "0.99": [3.9382838285886326, -5.952303018325415]}, "0.1": {"0": [0.9022246797879537, 0.448304913747005], "0.1": [0.9401214443720304, 0.2692919096503502], "0.3": [1.201823693055373, -0.7982933597686963], "0.5": [1.699914045822926, -2.3041495237594996], "0.75": [2.6666898666284022, -4.259098444229517], "0.9": [3.4319929159604587, -5.353882263868283], "0.95": [3.709033477000701, -5.691648165384929], "0.99": [3.9483654376788015, -5.963054461356921]}, "0.2": {"0": [4.386138170193403, -6.418986650613638], "0.1": [4.0587322406279736, -6.082256158192952], "0.3": [3.594900919840886, -5.555644255418044], "0.5": [3.3953435665521865, -5.30863898839706], "0.75": [3.502580838325696, -5.443732909667186], "0.9": [3.758198028955704, -5.749090524820181], "0.95": [3.877513946631016, -5.884460852696345], "0.99": [3.981889914243649, -5.999464927575527]}, "0.3": {"0": [11.508696996248686, -10.608054576775967], "0.1": [10.176705776116787, -10.074357057229067], "0.3": [7.9014638020442085, -8.976117892143053], "0.5": [6.1430619557698565, -7.883648493351081], "0.75": [4.674082523737198, -6.69691704481076], "0.9": [4.176858131702129, -6.2079176902771], "0.95": [4.077549806007972, -6.103103197537935], "0.99": [4.022901076536912, -6.044280260037153]}, "0.5": {"0": [34.187921670766976, -15.337732804127228], "0.1": [29.250613481570515, -14.66001065572103], "0.3": [20.635031822400215, -13.14532869290083], "0.5": [13.765193645770733, -11.387402827923115], "0.75": [7.556784030718681, -8.78336686354417], "0.9": [5.113670972677378, -7.08710134946383], "0.95": [4.511320701012244, -6.542180819389148], "0.99": [4.102472831041385, -6.129553709274683]}, "1": {"0": [107.06510338416466, -20.29630000774677], "0.1": [89.83595178066156, -19.53437218299279], "0.3": [59.82644232725486, -17.76883428524702], "0.5": [36.07370376586914, -15.571848575885479], "0.75": [15.162881655570787, -11.807809805258726], "0.9": [7.301399243183625, -8.633781653184156], "0.95": [5.455992918748122, -7.368058375823192], "0.99": [4.268284944387583, -6.301542783394838]}}}