{"best_args": [0.001, 0], "records": {"0.001": {"0": [0.16085857229355055, 7.936608277834379], "0.1": [0.1704965753433032, 7.684218406677246], "0.3": [0.4402257318680103, 3.5643568466871214], "0.5": [1.0425246617732904, -0.17977104699000335], "0.75": [2.2689612889901185, -3.5573158141894217], "0.9": [3.2501633167266846, -5.117799710004758], "0.95": [3.6214456986158323, -5.587612714522924], "0.99": [3.932681847841312, -5.945372239137307]}, "0.01": {"0": [0.16946313167229676, 7.71070008400159], "0.1": [0.18292417510961875, 7.378764604910826], "0.3": [0.45709119240442914, 3.4014032559517102], "0.5": [1.0616041452456744, -0.2578981039233697], "0.75": [2.27825848872845, -3.5751191836137037], "0.9": [3.2553773721059165, -5.124461834247295], "0.95": [3.6195051058744774, -5.585165610680213], "0.99": [3.9332507390242357, -5.9463228445786696]}, "0.03": {"0": [0.21792076871945307, 6.617449393639197], "0.1": [0.24480188122162452, 6.112271137726613], "0.3": [0.5340197101617471, 2.7250126019502297], "0.5": [1.1366558625147893, -0.5556143896702008], "0.75": [2.3272209595411253, -3.6675422252752843], "0.9": [3.2797043445782785, -5.156853773655036], "0.95": [3.6346574746645413, -5.603450872959235], "0.99": [3.93242124410776, -5.944948318677071]}, "0.05": {"0": [0.31650254818109363, 4.996303057059263], "0.1": [0.35657796340110975, 4.47849133075812], "0.3": [0.6567430908863361, 1.826413020109519], "0.5": [1.2510246221835797, -0.9714080676054343], "0.75": [2.4032649382566795, -3.8067735769809823], "0.9": [3.3106391674433, -5.197729232983711], "0.95": [3.654424398373335, -5.626611782954289], "0.99": [3.936188532755925, -5.9498604627755975]}, "0.1": {"0": [0.9029096303842007, 0.4446624945371579], "0.1": [0.9421171958629901, 0.25972042481104535], "0.3": [1.2013497811097364, -0.7966012557347616], "0.5": [1.7012232297506087, -2.307375657252776], "0.75": [2.665169887053661, -4.256480155847012], "0.9": [3.4261172245710325, -5.346861227964744], "0.95": [3.710163477139595, -5.692963257814065], "0.99": [3.9489597296103454, -5.96360409565461]}, "0.2": {"0": [4.382796691014216, -6.41541112997593], "0.1": [4.056361137292324, -6.079625765482585], "0.3": [3.598319548826951, -5.560159939986009], "0.5": [3.394921810199053, -5.308126033880772], "0.75": [3.502174750352517, -5.443154726272974], "0.9": [3.760927139184414, -5.752596439459385], "0.95": [3.8794692846444936, -5.8867555275941505], "0.99": [3.97848217915266, -5.9962819539583645]}, "0.3": {"0": [11.499985548166128, -10.605264443617601], "0.1": [10.186253596574833, -10.077833664722931], "0.3": [7.898930635207739, -8.974495643224472], "0.5": [6.142507760952681, -7.882819774823311], "0.75": [4.672205912761199, -6.6951853678776665], "0.9": [4.180272322434646, -6.211303723164094], "0.95": [4.0792077626937475, -6.104838505769387], "0.99": [4.021457947217501, -6.042462055499737]}, "0.5": {"0": [34.15647937089969, -15.33377784337753], "0.1": [29.214019824297, -14.655107106917944], "0.3": [20.66277484404735, -13.15118929056021], "0.5": [13.768921142969376, -11.388631894038273], "0.75": [7.5602096899961815, -8.785334709363106], "0.9": [5.109892673981496, -7.083723532847869], "0.95": [4.508263331193191, -6.539562677725767], "0.99": [4.1009361743927, -6.127735468057486]}, "1": {"0": [107.21508026123047, -20.302379803779797], "0.1": [89.8073491805639, -19.532966907207783], "0.3": [59.8523077353453, -17.77064240284455], "0.5": [36.055640294001655, -15.56966160505246], "0.75": [15.15905436491355, -11.806713446592672], "0.9": [7.301116918906187, -8.63372680468437], "0.95": [5.455649975018623, -7.367714576232127], "0.99": [4.269156076969245, -6.3025682644966325]}, "2": {"0": [234.13712838979868, -23.69468728089944], "0.1": [194.62606342022235, -22.89199252006335], "0.3": [126.29920294345953, -21.013988005809296], "0.5": [72.83199192927434, -18.623162196232723], "0.75": [26.836413799188076, -14.287185522226187], "0.9": [10.359973662938827, -10.153292142427885], "0.95": [6.7206360743596, -8.273609968332144], "0.99": [4.483592925927578, -6.514988691378862]}, "5": {"0": [438.1469906537961, -26.415830514369866], "0.1": [362.2325470753205, -25.589616286448944], "0.3": [231.47107989971454, -23.644551448332958], "0.5": [129.94369096022385, -21.136992723513874], "0.75": [44.23020309056991, -16.456717173258465], "0.9": [14.614413432585888, -11.647274946555113], "0.95": [8.40138604090764, -9.242726912865272], "0.99": [4.743592616839287, -6.76034882129767]}, "10": {"0": [573.3066875751202, -27.583085818168446], "0.1": [472.4238093449519, -26.742768801175632], "0.3": [300.0918258275741, -24.77154765984951], "0.5": [166.92900046324118, -22.224453706007736], "0.75": [55.13860604701898, -17.413839731460964], "0.9": [17.169439951578777, -12.34674439063439], "0.95": [9.371805533384665, -9.717143792372484], "0.99": [4.886481407361153, -6.888770629198123]}}}