{"best_args": [0.3, 0.99], "records": {"0.01": {"0.3": [2.4730498668475027, -3.9283942259274998], "0.5": [1.263245246349237, -1.0114939778279035], "0.75": [0.3159777323404948, 5.007349295493884], "0.9": [0.05102577222845493, 12.924789281991812], "0.95": [0.013110697508240357, 18.8269835741092], "0.99": [0.0009230718073339608, 30.349218075092022]}, "0.03": {"0.3": [7.213968680455134, -8.580680162478716], "0.5": [3.6813236199892483, -5.658819345327524], "0.75": [0.9206708257014935, 0.3596295519517018], "0.9": [0.14799214479250786, 8.298612912495932], "0.95": [0.03742063847871927, 14.269601186116537], "0.99": [0.001914003257974027, 27.181013107299805]}, "0.05": {"0.3": [9.721643570141914, -9.876664137228941], "0.5": [4.962449782933945, -6.956531218993358], "0.75": [1.2416346531647902, -0.9392786346949064], "0.9": [0.19932016959557167, 7.0050303385807915], "0.95": [0.05027560077798672, 12.987190099862906], "0.99": [0.0024360658493466102, 26.13352790245643]}, "0.1": {"0.3": [12.621974480457794, -11.010299266912998], "0.5": [6.436282170124543, -8.085759040636894], "0.75": [1.6099495551525018, -2.0672521805151916], "0.9": [0.2582447261382372, 5.8806410691677], "0.95": [0.0650267304900365, 11.869666295173841], "0.99": [0.0030361407388670323, 25.1771788474841]}, "0.2": {"0.3": [14.590106621766703, -11.63869224450527], "0.5": [7.445429300650572, -8.71811825189835], "0.75": [1.8646725569015894, -2.7050711191617527], "0.9": [0.2988871863255134, 5.2463172521346655], "0.95": [0.07520597084210469, 11.23826320354755], "0.99": [0.0034488759314020476, 24.624006075736805]}, "0.3": {"0.3": [15.37795761304024, -11.868092267941206], "0.5": [7.842346631563627, -8.9433566117898], "0.75": [1.9635122983883588, -2.929172057371873], "0.9": [0.31513599554697674, 5.0162219145359135], "0.95": [0.07916650214256385, 11.015213575118628], "0.99": [0.003609546991542746, 24.426195389185196]}}}