{"dataset": "data-1.0", "best_args": [0.1, 0], "records": {"0.001": {"0": [0.3104229122400284, 5.082154214382172], "0.1": [0.3216710314154625, 4.926951467990875], "0.3": [0.3493051789700985, 4.568321585655212], "0.5": [0.38378981128335, 4.159167528152466], "0.75": [0.43652911111712456, 3.599880814552307], "0.9": [0.47331055998802185, 3.24854052066803], "0.95": [0.48642734438180923, 3.129821300506592], "0.99": [0.49722907319664955, 3.034435212612152]}, "0.01": {"0": [0.30804479867219925, 5.114828884601593], "0.1": [0.31948118656873703, 4.956180572509766], "0.3": [0.34752487763762474, 4.590382695198059], "0.5": [0.38246310874819756, 4.174181401729584], "0.75": [0.43583135679364204, 3.606827437877655], "0.9": [0.4730231761932373, 3.25117826461792], "0.95": [0.486282292753458, 3.1311164498329163], "0.99": [0.4971998482942581, 3.0346906781196594]}, "0.03": {"0": [0.3063189797103405, 5.1392446756362915], "0.1": [0.317535400390625, 4.982726097106934], "0.3": [0.3454008661210537, 4.617015719413757], "0.5": [0.38050978630781174, 4.19642174243927], "0.75": [0.43458208814263344, 3.6192944645881653], "0.9": [0.47245804220438004, 3.2563700079917908], "0.95": [0.4859888292849064, 3.133738338947296], "0.99": [0.4971394017338753, 3.0352186262607574]}, "0.05": {"0": [0.3052784353494644, 5.154087126255035], "0.1": [0.3161923326551914, 5.001178503036499], "0.3": [0.3437238410115242, 4.638171076774597], "0.5": [0.3788601905107498, 4.215295672416687], "0.75": [0.43347495794296265, 3.6303730607032776], "0.9": [0.47194743528962135, 3.261066108942032], "0.95": [0.48572222515940666, 3.136121302843094], "0.99": [0.49708427861332893, 3.03570020198822]}, "0.1": {"0": [0.30457303300499916, 5.164297938346863], "0.1": [0.3145512752234936, 5.023891448974609], "0.3": [0.3408822529017925, 4.674269676208496], "0.5": [0.37571246176958084, 4.251543402671814], "0.75": [0.43120232596993446, 3.653203785419464], "0.9": [0.4708706885576248, 3.2709860503673553], "0.95": [0.4851558990776539, 3.141188085079193], "0.99": [0.49696654826402664, 3.0367288887500763]}, "0.2": {"0": [0.3079036697745323, 5.117325603961945], "0.1": [0.3157365620136261, 5.00774472951889], "0.3": [0.33898499608039856, 4.698587238788605], "0.5": [0.37234361842274666, 4.290683746337891], "0.75": [0.42825936526060104, 3.6829485297203064], "0.9": [0.46939146146178246, 3.2846508622169495], "0.95": [0.48436594009399414, 3.1482651233673096], "0.99": [0.496800497174263, 3.038180351257324]}, "0.3": {"0": [0.31439926847815514, 5.026809275150299], "0.1": [0.3201224096119404, 4.9479445815086365], "0.3": [0.34012483805418015, 4.684056282043457], "0.5": [0.37153537943959236, 4.300135016441345], "0.75": [0.42684124037623405, 3.697354793548584], "0.9": [0.46858084574341774, 3.2921575605869293], "0.95": [0.4839200787246227, 3.152264714241028], "0.99": [0.4967048354446888, 3.039016753435135]}, "0.5": {"0": [0.33193059638142586, 4.791264832019806], "0.1": [0.3338688537478447, 4.765432834625244], "0.3": [0.3476559966802597, 4.588976085186005], "0.5": [0.3746572583913803, 4.263801455497742], "0.75": [0.4269912429153919, 3.6958284080028534], "0.9": [0.468302208930254, 3.2947407364845276], "0.95": [0.48372431844472885, 3.154021978378296], "0.99": [0.4966566674411297, 3.0394378900527954]}, "1": {"0": [0.39010703191161156, 4.089574158191681], "0.1": [0.38347160443663597, 4.163643836975098], "0.3": [0.3819487504661083, 4.180332720279694], "0.5": [0.3960898295044899, 4.022172659635544], "0.75": [0.43579360842704773, 3.6072044372558594], "0.9": [0.4713638238608837, 3.266439974308014], "0.95": [0.4851785637438297, 3.1409851610660553], "0.99": [0.49693524837493896, 3.0370024740695953]}, "2": {"0": [0.5301016643643379, 2.757005423307419], "0.1": [0.5034404620528221, 2.980962485074997], "0.3": [0.46588360890746117, 3.3174310624599457], "0.5": [0.4493474178016186, 3.474248230457306], "0.75": [0.4582374840974808, 3.389104813337326], "0.9": [0.4793369844555855, 3.1935929358005524], "0.95": [0.48899775370955467, 3.1069325506687164], "0.99": [0.49767231941223145, 3.030565708875656]}, "5": {"0": [0.8326079174876213, 0.7957408130168915], "0.1": [0.7532775849103928, 1.230578988790512], "0.3": [0.6253282055258751, 2.0390126407146454], "0.5": [0.5383269712328911, 2.6895936131477356], "0.75": [0.4871588572859764, 3.123310387134552], "0.9": [0.48716912418603897, 3.1232059001922607], "0.95": [0.4922910965979099, 3.077781528234482], "0.99": [0.49823134765028954, 3.025690108537674]}, "10": {"0": [0.9659658297896385, 0.15040156990289688], "0.1": [0.8557286262512207, 0.676660493016243], "0.3": [0.677679568529129, 1.6897851526737213], "0.5": [0.556197389960289, 2.5477459728717804], "0.75": [0.48389193043112755, 3.15253683924675], "0.9": [0.4829338379204273, 3.161128491163254], "0.95": [0.4896853603422642, 3.1008306443691254], "0.99": [0.49763210862874985, 3.030916541814804]}}}